<annotation><filename>001453.jpg</filename><size><width>500</width><height>373</height><depth>3</depth></size><object><name>person</name><bndbox><xmin>241</xmin><ymin>134</ymin><xmax>352</xmax><ymax>373</ymax></bndbox></object><object><name>person</name><bndbox><xmin>60</xmin><ymin>113</ymin><xmax>174</xmax><ymax>346</ymax></bndbox></object><object><name>person</name><bndbox><xmin>393</xmin><ymin>107</ymin><xmax>500</xmax><ymax>373</ymax></bndbox></object><object><name>person</name><bndbox><xmin>348</xmin><ymin>122</ymin><xmax>444</xmax><ymax>373</ymax></bndbox></object><object><name>person</name><bndbox><xmin>1</xmin><ymin>122</ymin><xmax>109</xmax><ymax>372</ymax></bndbox></object></annotation>