<annotation><filename>001547.jpg</filename><size><width>500</width><height>334</height><depth>3</depth></size><object><name>person</name><bndbox><xmin>20</xmin><ymin>177</ymin><xmax>98</xmax><ymax>250</ymax></bndbox></object><object><name>person</name><bndbox><xmin>88</xmin><ymin>178</ymin><xmax>141</xmax><ymax>235</ymax></bndbox></object><object><name>person</name><bndbox><xmin>198</xmin><ymin>201</ymin><xmax>319</xmax><ymax>334</ymax></bndbox></object><object><name>person</name><bndbox><xmin>191</xmin><ymin>170</ymin><xmax>236</xmax><ymax>219</ymax></bndbox></object><object><name>person</name><bndbox><xmin>146</xmin><ymin>170</ymin><xmax>187</xmax><ymax>229</ymax></bndbox></object><object><name>person</name><bndbox><xmin>263</xmin><ymin>170</ymin><xmax>295</xmax><ymax>209</ymax></bndbox></object><object><name>person</name><bndbox><xmin>284</xmin><ymin>183</ymin><xmax>350</xmax><ymax>315</ymax></bndbox></object><object><name>person</name><bndbox><xmin>344</xmin><ymin>188</ymin><xmax>413</xmax><ymax>261</ymax></bndbox></object><object><name>person</name><bndbox><xmin>341</xmin><ymin>182</ymin><xmax>391</xmax><ymax>247</ymax></bndbox></object><object><name>person</name><bndbox><xmin>344</xmin><ymin>188</ymin><xmax>413</xmax><ymax>281</ymax></bndbox></object></annotation>