<annotation><filename>005081.jpg</filename><size><width>500</width><height>333</height><depth>3</depth></size><object><name>person</name><bndbox><xmin>304</xmin><ymin>134</ymin><xmax>389</xmax><ymax>210</ymax></bndbox></object><object><name>person</name><bndbox><xmin>72</xmin><ymin>111</ymin><xmax>270</xmax><ymax>333</ymax></bndbox></object><object><name>person</name><bndbox><xmin>183</xmin><ymin>111</ymin><xmax>270</xmax><ymax>333</ymax></bndbox></object><object><name>person</name><bndbox><xmin>59</xmin><ymin>119</ymin><xmax>131</xmax><ymax>333</ymax></bndbox></object></annotation>