<annotation><filename>005113.jpg</filename><size><width>500</width><height>373</height><depth>3</depth></size><object><name>person</name><bndbox><xmin>128</xmin><ymin>167</ymin><xmax>303</xmax><ymax>294</ymax></bndbox></object><object><name>person</name><bndbox><xmin>399</xmin><ymin>120</ymin><xmax>493</xmax><ymax>306</ymax></bndbox></object><object><name>person</name><bndbox><xmin>19</xmin><ymin>185</ymin><xmax>114</xmax><ymax>294</ymax></bndbox></object><object><name>person</name><bndbox><xmin>293</xmin><ymin>123</ymin><xmax>381</xmax><ymax>280</ymax></bndbox></object><object><name>person</name><bndbox><xmin>238</xmin><ymin>128</ymin><xmax>294</xmax><ymax>273</ymax></bndbox></object><object><name>person</name><bndbox><xmin>98</xmin><ymin>111</ymin><xmax>199</xmax><ymax>284</ymax></bndbox></object><object><name>person</name><bndbox><xmin>395</xmin><ymin>95</ymin><xmax>481</xmax><ymax>299</ymax></bndbox></object><object><name>person</name><bndbox><xmin>98</xmin><ymin>110</ymin><xmax>198</xmax><ymax>249</ymax></bndbox></object></annotation>