<annotation><filename>005275.jpg</filename><size><width>533</width><height>267</height><depth>3</depth></size><object><name>person</name><bndbox><xmin>391</xmin><ymin>44</ymin><xmax>454</xmax><ymax>173</ymax></bndbox></object><object><name>person</name><bndbox><xmin>331</xmin><ymin>54</ymin><xmax>396</xmax><ymax>182</ymax></bndbox></object><object><name>person</name><bndbox><xmin>277</xmin><ymin>55</ymin><xmax>325</xmax><ymax>194</ymax></bndbox></object><object><name>person</name><bndbox><xmin>76</xmin><ymin>34</ymin><xmax>152</xmax><ymax>241</ymax></bndbox></object><object><name>person</name><bndbox><xmin>220</xmin><ymin>59</ymin><xmax>298</xmax><ymax>210</ymax></bndbox></object><object><name>person</name><bndbox><xmin>183</xmin><ymin>53</ymin><xmax>246</xmax><ymax>216</ymax></bndbox></object><object><name>person</name><bndbox><xmin>12</xmin><ymin>53</ymin><xmax>104</xmax><ymax>263</ymax></bndbox></object></annotation>