<annotation><filename>005240.jpg</filename><size><width>500</width><height>334</height><depth>3</depth></size><object><name>person</name><bndbox><xmin>129</xmin><ymin>86</ymin><xmax>286</xmax><ymax>334</ymax></bndbox></object><object><name>person</name><bndbox><xmin>310</xmin><ymin>84</ymin><xmax>443</xmax><ymax>334</ymax></bndbox></object><object><name>person</name><bndbox><xmin>6</xmin><ymin>33</ymin><xmax>107</xmax><ymax>334</ymax></bndbox></object><object><name>person</name><bndbox><xmin>413</xmin><ymin>43</ymin><xmax>500</xmax><ymax>333</ymax></bndbox></object><object><name>person</name><bndbox><xmin>265</xmin><ymin>70</ymin><xmax>381</xmax><ymax>333</ymax></bndbox></object></annotation>